{"cameraMode":{"drawMode":0,"name":"Shaded","section":"Shading Mode"},"sceneLighting":true,"audioPlay":false,"sceneViewState":{"showFog":true,"showMaterialUpdate":false,"showSkybox":true,"showFlares":true,"showImageEffects":true,"showParticleSystems":true},"in2DMode":false,"pivot":{"x":8.822093963623047,"y":-23.648235321044923,"z":12.504486083984375},"rotation":{"x":0.5306458473205566,"y":-0.017796698957681657,"z":0.011145086027681828,"w":0.8473343253135681},"size":41.599937438964847,"orthographic":false}